-- create table person
-- (
--     id integer not null,
--     name varchar(255) not null,
--     location varchar(255),
--     birth_date timestamp,
--     primary key(id)
-- );

-- INSERT INTO PERSON
-- (ID, NAME, LOCATION, BIRTH_DATE)
-- VALUES(10001, 'Adrian', 'Klang', CURRENT_TIMESTAMP());

-- INSERT INTO PERSON
-- (ID, NAME, LOCATION, BIRTH_DATE)
-- VALUES(10002, 'Aaron', 'Klang', CURRENT_TIMESTAMP());

-- INSERT INTO PERSON
-- (ID, NAME, LOCATION, BIRTH_DATE)
-- VALUES(10003, 'Florence', 'Klang', CURRENT_TIMESTAMP());

INSERT INTO COURSE
(ID, NAME, CREATED_DATE, LAST_UPDATED_DATE, IS_DELETED)
VALUES(10001, '.NET Core REST API with Kubernetes', CURRENT_TIMESTAMP(), CURRENT_TIMESTAMP(), false);

INSERT INTO COURSE
(ID, NAME, CREATED_DATE, LAST_UPDATED_DATE, IS_DELETED)
VALUES(10002, '.NET Core REST API with AWS', CURRENT_TIMESTAMP(), CURRENT_TIMESTAMP(), false);

INSERT INTO COURSE
(ID, NAME, CREATED_DATE, LAST_UPDATED_DATE, IS_DELETED)
VALUES(10003, 'Management Consultantcy', CURRENT_TIMESTAMP(), CURRENT_TIMESTAMP(), false);

INSERT INTO COURSE
(ID, NAME, CREATED_DATE, LAST_UPDATED_DATE, IS_DELETED)
VALUES(10004, 'End Days Prophetic Course', CURRENT_TIMESTAMP(), CURRENT_TIMESTAMP(), false);

INSERT INTO COURSE
(ID, NAME, CREATED_DATE, LAST_UPDATED_DATE, IS_DELETED)
VALUES(10005, 'Bible Research Course', CURRENT_TIMESTAMP(), CURRENT_TIMESTAMP(), false);

INSERT INTO COURSE
(ID, NAME, CREATED_DATE, LAST_UPDATED_DATE, IS_DELETED)
VALUES(10006, 'Prophecy Gift Course', CURRENT_TIMESTAMP(), CURRENT_TIMESTAMP(), false);

INSERT INTO COURSE
(ID, NAME, CREATED_DATE, LAST_UPDATED_DATE, IS_DELETED)
VALUES(10007, 'Speaking in Tongues Course', CURRENT_TIMESTAMP(), CURRENT_TIMESTAMP(), false);

INSERT INTO COURSE
(ID, NAME, CREATED_DATE, LAST_UPDATED_DATE, IS_DELETED)
VALUES(10008, 'Leadership Course', CURRENT_TIMESTAMP(), CURRENT_TIMESTAMP(), false);

INSERT INTO COURSE
(ID, NAME, CREATED_DATE, LAST_UPDATED_DATE, IS_DELETED)
VALUES(10009, 'Youth Ministry Course', CURRENT_TIMESTAMP(), CURRENT_TIMESTAMP(), false);

INSERT INTO COURSE
(ID, NAME, CREATED_DATE, LAST_UPDATED_DATE, IS_DELETED)
VALUES(10010, 'Evangelising Course', CURRENT_TIMESTAMP(), CURRENT_TIMESTAMP(), false);

INSERT INTO PASSPORT
(ID, NUMBER)
VALUES(30001, 'E569646');

INSERT INTO PASSPORT
(ID, NUMBER)
VALUES(30002, 'E654698');

INSERT INTO PASSPORT
(ID, NUMBER)
VALUES(30003, 'E879866');

INSERT INTO STUDENT
(ID, NAME, PASSPORT_ID)
VALUES(20001, 'Adrian', 30001);

INSERT INTO STUDENT
(ID, NAME, PASSPORT_ID)
VALUES(20002, 'Aaron', 30002);

INSERT INTO STUDENT
(ID, NAME, PASSPORT_ID)
VALUES(20003, 'Florence', 30003);

INSERT INTO REVIEW
(ID, DESCRIPTION, RATING, COURSE_ID)
VALUES(10001, 'FIVE', 5, 10002);

INSERT INTO REVIEW
(ID, DESCRIPTION, RATING, COURSE_ID)
VALUES(10002, 'THREE', 3, 10002);

INSERT INTO REVIEW
(ID, DESCRIPTION, RATING, COURSE_ID)
VALUES(10003, 'TWO', 2, 10003);

INSERT INTO STUDENT_COURSE
(STUDENT_ID, COURSE_ID)
VALUES(20001, 10001);

INSERT INTO STUDENT_COURSE
(STUDENT_ID, COURSE_ID)
VALUES(20003, 10001);

INSERT INTO STUDENT_COURSE
(STUDENT_ID, COURSE_ID)
VALUES(20002, 10001);

INSERT INTO STUDENT_COURSE
(STUDENT_ID, COURSE_ID)
VALUES(20003, 10003);
